Region,87Sr/86Sr,143Nd/144Nd,eNd(0)
Volcanic Arc,0.705252,0.512583,-1.07
Volcanic Arc,0.706595,0.512615,-0.45
Volcanic Arc,0.706063,0.512421,-4.23
Volcanic Arc,0.705896,0.51257,-1.32
Volcanic Arc,0.705543,0.51256,-1.52
Volcanic Arc,0.70641,0.512624,-0.27
Volcanic Arc,0.707049,0.512566,-1.41
Volcanic Arc,0.70532,0.512595,-0.85
Volcanic Arc,0.705287,0.512588,-0.98
Volcanic Arc,0.705766,0.512624,-0.27
Volcanic Arc,0.705752,0.512548,-1.76
Volcanic Arc,0.705529,0.512649,0.21
Volcanic Arc,0.706118,0.51253,-2.1
Volcanic Arc,0.706245,0.512599,-0.75
Volcanic Arc,0.70635,0.512591,-0.92
Volcanic Arc,0.704919,0.512715,1.5
Volcanic Arc,0.705796,0.512524,-2.22
Volcanic Arc,0.706803,0.512605,-0.64
Volcanic Arc,0.705596,0.512553,-1.66
Volcanic Arc,0.707078,0.512502,-2.65
Volcanic Arc,0.706289,0.512614,-0.46
Volcanic Arc,0.70668,0.512513,-2.43
Volcanic Arc,0.706318,0.512569,-1.34
Volcanic Arc,0.705982,0.512624,-0.28
Volcanic Arc,0.705947,0.51261,-0.55
Volcanic Arc,0.706562,0.512582,-1.1
Volcanic Arc,0.706607,0.512457,-3.54
Volcanic Arc,0.705914,0.512527,-2.16
Volcanic Arc,0.707489,0.512541,-1.89
Volcanic Arc,0.707344,0.512499,-2.71
Northern Plateau,0.713284,0.512098,-10.53
Northern Plateau,0.712543,0.512269,-7.21
Northern Plateau,0.712216,0.512319,-6.22
Northern Plateau,0.711479,0.512221,-8.13
Northern Plateau,0.710464,0.512333,-5.96
Northern Plateau,0.711518,0.512136,-9.8
Northern Plateau,0.713699,0.512169,-9.16
Northern Plateau,0.712734,0.512267,-7.24
Northern Plateau,0.712566,0.512214,-8.27
Northern Plateau,0.710554,0.512311,-6.37
Northern Plateau,0.710193,0.512296,-6.68
Northern Plateau,0.711625,0.51222,-8.15
Northern Plateau,0.714014,0.512143,-9.65
Northern Plateau,0.712383,0.51221,-8.34
Northern Plateau,0.711938,0.512298,-6.63
Northern Plateau,0.710844,0.512315,-6.3
Northern Plateau,0.71218,0.512214,-8.26
Northern Plateau,0.711509,0.512098,-10.54
Northern Plateau,0.711792,0.512131,-9.88
Northern Plateau,0.709872,0.51229,-6.78
Northern Plateau,0.714333,0.512219,-8.18
Northern Plateau,0.713408,0.512221,-8.14
Northern Plateau,0.712592,0.512167,-9.18
Northern Plateau,0.712398,0.512166,-9.21
Northern Plateau,0.708028,0.512331,-5.99
Southern Plateau,0.709066,0.512425,-4.15
Southern Plateau,0.707368,0.512346,-5.69
Southern Plateau,0.708229,0.512397,-4.69
Southern Plateau,0.70889,0.51241,-4.45
Southern Plateau,0.70771,0.512515,-2.4
Southern Plateau,0.709861,0.512313,-6.34
Southern Plateau,0.710737,0.512409,-4.47
Southern Plateau,0.70899,0.512456,-3.55
Southern Plateau,0.706488,0.512504,-2.61
Southern Plateau,0.70811,0.512343,-5.76
Southern Plateau,0.707341,0.512362,-5.38
Southern Plateau,0.708313,0.512441,-3.85
Southern Plateau,0.708486,0.512279,-7.01
Southern Plateau,0.709964,0.512416,-4.33
Southern Plateau,0.711808,0.512545,-1.8
Southern Plateau,0.707391,0.512424,-4.18
Southern Plateau,0.710647,0.512228,-8.0
Southern Plateau,0.708917,0.512329,-6.02
Southern Plateau,0.709174,0.512345,-5.72
Southern Plateau,0.708576,0.512474,-3.2
Southern Plateau,0.707671,0.51238,-5.04
Southern Plateau,0.709336,0.512263,-7.31
Southern Plateau,0.711463,0.512388,-4.88
Southern Plateau,0.710273,0.512402,-4.6
Southern Plateau,0.707671,0.512354,-5.55
Coastal Basin,0.719063,0.512001,-12.43
Coastal Basin,0.714173,0.512318,-6.24
Coastal Basin,0.715896,0.512186,-8.82
Coastal Basin,0.719103,0.512195,-8.64
Coastal Basin,0.719629,0.512084,-10.81
Coastal Basin,0.721641,0.512033,-11.81
Coastal Basin,0.716998,0.512053,-11.41
Coastal Basin,0.721865,0.511969,-13.06
Coastal Basin,0.717547,0.512262,-7.34
Coastal Basin,0.720421,0.512088,-10.74
Coastal Basin,0.718111,0.512234,-7.89
Coastal Basin,0.722991,0.512058,-11.32
Coastal Basin,0.722847,0.512144,-9.64
Coastal Basin,0.716044,0.512119,-10.13
Coastal Basin,0.725841,0.511959,-13.24
Coastal Basin,0.716448,0.512276,-7.05
Coastal Basin,0.723872,0.51206,-11.27
Coastal Basin,0.718836,0.511986,-12.71
Coastal Basin,0.71751,0.512166,-9.21
Coastal Basin,0.719083,0.512099,-10.51
Foreland,0.73062,0.511981,-12.82
Foreland,0.728216,0.511955,-13.32
Foreland,0.729102,0.511736,-17.6
Foreland,0.722881,0.511859,-15.19
Foreland,0.72618,0.511856,-15.26
Foreland,0.719672,0.51204,-11.67
Foreland,0.724176,0.511949,-13.44
Foreland,0.7302,0.511912,-14.16
Foreland,0.730042,0.512001,-12.42
Foreland,0.723696,0.51193,-13.81
Foreland,0.727247,0.511923,-13.95
Foreland,0.721742,0.511964,-13.15
Foreland,0.726692,0.511955,-13.32
Foreland,0.728853,0.512204,-8.47
Foreland,0.726312,0.511858,-15.21
Foreland,0.726176,0.511796,-16.43
Foreland,0.729916,0.511978,-12.87
Foreland,0.724768,0.511871,-14.96
Foreland,0.728839,0.511726,-17.79
Foreland,0.725759,0.511837,-15.62
Craton,0.739039,0.511552,-21.19
Craton,0.732767,0.511439,-23.39
Craton,0.726799,0.511937,-13.68
Craton,0.750488,0.511523,-21.74
Craton,0.726065,0.512036,-11.74
Craton,0.740618,0.511617,-19.92
Craton,0.72924,0.511886,-14.68
Craton,0.742891,0.511633,-19.61
Craton,0.735064,0.51172,-17.91
Craton,0.730371,0.511647,-19.33
Craton,0.736904,0.511633,-19.6
Craton,0.734404,0.511694,-18.42
Craton,0.742948,0.511724,-17.82
Craton,0.739734,0.511684,-18.61
Craton,0.737905,0.511671,-18.87
Craton,0.74111,0.511572,-20.8
Craton,0.750156,0.511652,-19.24
Craton,0.737376,0.511866,-15.07
Isolated Outcrop,0.713888,0.512138,-9.76
Isolated Outcrop,0.715263,0.512238,-7.81
Isolated Outcrop,0.713255,0.512201,-8.52
