Sample;Group;87Sr/86Sr;87Sr/86Sr_err (2s);143Nd/144Nd;143Nd/144Nd_err (2s)
S1-01;Site 1;0,710500;0,000012;0,512284;0,000010
S1-02;Site 1;0,711200;0,000012;0,512259;0,000010
S1-03;Site 1;0,709300;0,000012;0,512366;0,000010
S2-01;Site 2;0,718800;0,000012;0,512120;0,000010
S2-02;Site 2;0,724000;0,000012;0,511982;0,000010
S2-03;Site 2;0,717100;0,000012;0,512146;0,000010
F-01;Fine fraction;0,707100;0,000012;0,512525;0,000010
F-02;Fine fraction;0,713000;0,000012;0,512223;0,000010
F-03;Fine fraction;0,731000;0,000012;0,511818;0,000010
